{"info":{"year":2021,"version":"1.0","description":"HyperLabel COCO Export - estrus","contributor":"Sense + Hyperlabel","url":"https://www.hyperlabel.com","date_created":"2021-10-20T01:53:05.413711Z"},"licenses":{"url":"https://creativecommons.org/licenses/by/2.0/","id":2,"name":"Attribution License"},"images":[{"id":1,"width":2880,"height":1800,"file_name":"img/01FJDPGNHBGHKY7VTRCD000QE4.jpeg","license":2,"date_captured":"2021-10-20T01:53:05.413711Z"},{"id":2,"width":2880,"height":1800,"file_name":"img/01FJDPG6VTQSJVHYTHESS5YGG4.jpeg","license":2,"date_captured":"2021-10-20T01:53:05.413711Z"},{"id":3,"width":2880,"height":1800,"file_name":"img/01FJDPGTDQAZD6GK15VPQJJ3QA.jpeg","license":2,"date_captured":"2021-10-20T01:53:05.413711Z"},{"id":4,"width":320,"height":240,"file_name":"img/01FJDPH51X5NCMTAPFB9V3B0H1.jpeg","license":2,"date_captured":"2021-10-20T01:53:05.413711Z"},{"id":5,"width":480,"height":360,"file_name":"img/01FJDPH04XME73GGQFMNSS4CAY.jpeg","license":2,"date_captured":"2021-10-20T01:53:05.413711Z"},{"id":6,"width":2880,"height":1800,"file_name":"img/01FJDPG2VTT8RRKD1DFSE4YAZK.jpeg","license":2,"date_captured":"2021-10-20T01:53:05.413711Z"},{"id":7,"width":2880,"height":1800,"file_name":"img/01FJDPGGSBN7Z8W7KSQ79FGX4Z.jpeg","license":2,"date_captured":"2021-10-20T01:53:05.413711Z"},{"id":8,"width":360,"height":270,"file_name":"img/01FJDPH5W7XT5WRCZNFS0W3CNJ.jpeg","license":2,"date_captured":"2021-10-20T01:53:05.413711Z"},{"id":9,"width":2880,"height":1800,"file_name":"img/01FJDPGWYA615QN10M26N93V6Z.jpeg","license":2,"date_captured":"2021-10-20T01:53:05.413711Z"},{"id":10,"width":1280,"height":720,"file_name":"img/01FJDPH2GVB12WHEP0FEWVDRQ2.jpeg","license":2,"date_captured":"2021-10-20T01:53:05.413711Z"},{"id":11,"width":240,"height":320,"file_name":"img/01FJDPH47EJWTY85TF44HZBDTH.jpeg","license":2,"date_captured":"2021-10-20T01:53:05.413711Z"},{"id":12,"width":524,"height":329,"file_name":"img/01FJDPHHQM50ZHD1YF9XMFG7VC.jpeg","license":2,"date_captured":"2021-10-20T01:53:05.413711Z"},{"id":13,"width":612,"height":408,"file_name":"img/01FJDPHYP43C7EKC68FZYTFPPG.jpeg","license":2,"date_captured":"2021-10-20T01:53:05.413711Z"},{"id":14,"width":480,"height":360,"file_name":"img/01FJDPJ7FSKPAAFS2RWC15CB64.jpeg","license":2,"date_captured":"2021-10-20T01:53:05.413711Z"},{"id":15,"width":480,"height":360,"file_name":"img/01FJDPJCZ6WHEXAXN1BQGAPS7V.jpeg","license":2,"date_captured":"2021-10-20T01:53:05.413711Z"},{"id":16,"width":356,"height":237,"file_name":"img/01FJDPHJXY3PVCECG4TESXA834.jpeg","license":2,"date_captured":"2021-10-20T01:53:05.413711Z"},{"id":17,"width":608,"height":342,"file_name":"img/01FJDPHWSVPX4MTR8NF4JCQ2PH.jpeg","license":2,"date_captured":"2021-10-20T01:53:05.413711Z"},{"id":18,"width":271,"height":199,"file_name":"img/01FJDPHZM8SJWJYAN4HW1201JM.jpeg","license":2,"date_captured":"2021-10-20T01:53:05.413711Z"},{"id":19,"width":900,"height":580,"file_name":"img/01FJDPJ5BBS1WMRNA8Q38T9J67.jpeg","license":2,"date_captured":"2021-10-20T01:53:05.413711Z"},{"id":20,"width":250,"height":191,"file_name":"img/01FJDPJP6B4EDG2F4BS02N3G48.jpeg","license":2,"date_captured":"2021-10-20T01:53:05.413711Z"},{"id":21,"width":274,"height":184,"file_name":"img/01FJDPJV0ZYD0T44ZHNHC5Q5EH.jpeg","license":2,"date_captured":"2021-10-20T01:53:05.413711Z"},{"id":22,"width":480,"height":360,"file_name":"img/01FJDPJ8EA6T1ABK60P4AW22YY.jpeg","license":2,"date_captured":"2021-10-20T01:53:05.413711Z"},{"id":23,"width":300,"height":168,"file_name":"img/01FJDPJJPJZWH4TXP3VB03K4KW.jpeg","license":2,"date_captured":"2021-10-20T01:53:05.413711Z"},{"id":24,"width":275,"height":183,"file_name":"img/01FJDPJQ0AZ7C04FF1CYA0AM7C.jpeg","license":2,"date_captured":"2021-10-20T01:53:05.413711Z"},{"id":25,"width":400,"height":200,"file_name":"img/01FJDPHXTDWWYZBV50HGJZYXF7.jpeg","license":2,"date_captured":"2021-10-20T01:53:05.413711Z"},{"id":26,"width":480,"height":360,"file_name":"img/01FJDPJ461Z2YH4M9AQ8437629.jpeg","license":2,"date_captured":"2021-10-20T01:53:05.413711Z"},{"id":27,"width":183,"height":275,"file_name":"img/01FJDPJRZVMP7QA7FN881W7XXX.jpeg","license":2,"date_captured":"2021-10-20T01:53:05.413711Z"},{"id":28,"width":192,"height":263,"file_name":"img/01FJDPJVW61PX01AK6JA7HWNFT.jpeg","license":2,"date_captured":"2021-10-20T01:53:05.413711Z"},{"id":29,"width":275,"height":183,"file_name":"img/01FJDPK7GH07C6WSB41BTSX5RP.jpeg","license":2,"date_captured":"2021-10-20T01:53:05.413711Z"},{"id":30,"width":183,"height":276,"file_name":"img/01FJDPK9DAC5S1R8FX0VDS4WSK.jpeg","license":2,"date_captured":"2021-10-20T01:53:05.413711Z"},{"id":31,"width":2880,"height":1800,"file_name":"img/01FJDPGEGFQ19ZZQ6NNZYP0YB2.jpeg","license":2,"date_captured":"2021-10-20T01:53:05.413711Z"},{"id":32,"width":480,"height":360,"file_name":"img/01FJDPJEP4DZPKVVKNR0K9JB78.jpeg","license":2,"date_captured":"2021-10-20T01:53:05.413711Z"},{"id":33,"width":275,"height":183,"file_name":"img/01FJDPK1NZP3HWYZ84KAXSFEG1.jpeg","license":2,"date_captured":"2021-10-20T01:53:05.413711Z"},{"id":34,"width":276,"height":183,"file_name":"img/01FJDPKCXEQS5GVTVHABHGKA1G.jpeg","license":2,"date_captured":"2021-10-20T01:53:05.413711Z"},{"id":35,"width":800,"height":533,"file_name":"img/01FJDPJT6G39FV7MKH5760QK08.jpeg","license":2,"date_captured":"2021-10-20T01:53:05.413711Z"},{"id":36,"width":259,"height":194,"file_name":"img/01FJDPK0KDB9AAC3MG5Q48DCFP.jpeg","license":2,"date_captured":"2021-10-20T01:53:05.413711Z"},{"id":37,"width":275,"height":183,"file_name":"img/01FJDPK8B0ACQ8P6S36NKXH72B.jpeg","license":2,"date_captured":"2021-10-20T01:53:05.413711Z"},{"id":38,"width":300,"height":168,"file_name":"img/01FJDPK2N2HEJSQQQYVX8E78JQ.jpeg","license":2,"date_captured":"2021-10-20T01:53:05.413711Z"},{"id":39,"width":183,"height":275,"file_name":"img/01FJDPKDQESHDJWDYE045MNAM3.jpeg","license":2,"date_captured":"2021-10-20T01:53:05.413711Z"},{"id":40,"width":283,"height":178,"file_name":"img/01FJDPJZNXNSMPKQ5JV5RMESX1.jpeg","license":2,"date_captured":"2021-10-20T01:53:05.413711Z"},{"id":41,"width":275,"height":183,"file_name":"img/01FJDPK5QKNMWMFZX3258H46PA.jpeg","license":2,"date_captured":"2021-10-20T01:53:05.413711Z"},{"id":42,"width":259,"height":194,"file_name":"img/01FJDPKC31EF5RECP8204W8E5C.jpeg","license":2,"date_captured":"2021-10-20T01:53:05.413711Z"},{"id":43,"width":1280,"height":720,"file_name":"img/01FJDPGCCR59Z2BBS8ZW54DB9Z.jpeg","license":2,"date_captured":"2021-10-20T01:53:05.413711Z"},{"id":44,"width":1280,"height":720,"file_name":"img/01FJDPFQQC0SPW5WBKHBXY49XV.jpeg","license":2,"date_captured":"2021-10-20T01:53:05.413711Z"},{"id":45,"width":1300,"height":821,"file_name":"img/01FJDPFSRS7YWN5XERS24ZEF0F.jpeg","license":2,"date_captured":"2021-10-20T01:53:05.413711Z"},{"id":46,"width":275,"height":183,"file_name":"img/01FJDPJY0BSZ38GMMBDK8CZQ5D.jpeg","license":2,"date_captured":"2021-10-20T01:53:05.413711Z"},{"id":47,"width":1300,"height":954,"file_name":"img/01FJDPFVT4N2RD73V5D4DNNB04.jpeg","license":2,"date_captured":"2021-10-20T01:53:05.413711Z"},{"id":48,"width":1920,"height":1080,"file_name":"img/01FJDPFXJF2T1GASC8S2K09EE4.jpeg","license":2,"date_captured":"2021-10-20T01:53:05.413711Z"},{"id":49,"width":656,"height":900,"file_name":"img/01FJDPFYW9BC03M9VH6S9RRZGC.jpeg","license":2,"date_captured":"2021-10-20T01:53:05.413711Z"},{"id":50,"width":2880,"height":1800,"file_name":"img/01FJDPG0XDA35SMHRHZAB6EV03.jpeg","license":2,"date_captured":"2021-10-20T01:53:05.413711Z"},{"id":51,"width":2880,"height":1800,"file_name":"img/01FJDPG4S02R3E1PZ22PMQMF3X.jpeg","license":2,"date_captured":"2021-10-20T01:53:05.413711Z"},{"id":52,"width":2880,"height":1800,"file_name":"img/01FJDPGQMEM1FA9M1E5TAE4QJD.jpeg","license":2,"date_captured":"2021-10-20T01:53:05.413711Z"},{"id":53,"width":500,"height":371,"file_name":"img/01FJDPH9XWCNBXTYDQB5F11TGF.jpeg","license":2,"date_captured":"2021-10-20T01:53:05.413711Z"},{"id":54,"width":2880,"height":1800,"file_name":"img/01FJDPG8XZ0PA6XMC1G689TQVV.jpeg","license":2,"date_captured":"2021-10-20T01:53:05.413711Z"},{"id":55,"width":675,"height":1388,"file_name":"img/01FJDPHAWCEKPPZ6TVQWNWRJX8.jpeg","license":2,"date_captured":"2021-10-20T01:53:05.413711Z"},{"id":56,"width":480,"height":360,"file_name":"img/01FJDPJ2CZARKRFSTG35F7499K.jpeg","license":2,"date_captured":"2021-10-20T01:53:05.413711Z"},{"id":57,"width":480,"height":360,"file_name":"img/01FJDPJDT9YK8PB5GD5286T3QQ.jpeg","license":2,"date_captured":"2021-10-20T01:53:05.413711Z"},{"id":58,"width":480,"height":360,"file_name":"img/01FJDPJGSQHDY4KC52R81T4YJ8.jpeg","license":2,"date_captured":"2021-10-20T01:53:05.413711Z"},{"id":59,"width":2880,"height":1800,"file_name":"img/01FJDPGB5TFRGA29ZWTMVN3T7K.jpeg","license":2,"date_captured":"2021-10-20T01:53:05.413711Z"},{"id":60,"width":2880,"height":1800,"file_name":"img/01FJDPGK8NF6ZP4BB7ADRH7FSE.jpeg","license":2,"date_captured":"2021-10-20T01:53:05.413711Z"},{"id":61,"width":2880,"height":1800,"file_name":"img/01FJDPGZ9BNEVYSXCPQVAKMTFG.jpeg","license":2,"date_captured":"2021-10-20T01:53:05.413711Z"},{"id":62,"width":488,"height":366,"file_name":"img/01FJDPH141GNZ13Y7RWZ0404GE.jpeg","license":2,"date_captured":"2021-10-20T01:53:05.413711Z"},{"id":63,"width":608,"height":342,"file_name":"img/01FJDPHSG2NXB1YDFRK1TRBTRE.jpeg","license":2,"date_captured":"2021-10-20T01:53:05.413711Z"},{"id":64,"width":608,"height":342,"file_name":"img/01FJDPHVSP28TDXJ2C3MDM1FH8.jpeg","license":2,"date_captured":"2021-10-20T01:53:05.413711Z"},{"id":65,"width":480,"height":360,"file_name":"img/01FJDPH3CS99NKZ8ECAQNK0KYM.jpeg","license":2,"date_captured":"2021-10-20T01:53:05.413711Z"},{"id":66,"width":308,"height":185,"file_name":"img/01FJDPH6VGR8JFZ691ANV9WHCE.jpeg","license":2,"date_captured":"2021-10-20T01:53:05.413711Z"},{"id":67,"width":700,"height":433,"file_name":"img/01FJDPHDVMF8PVKVYWB6082M3R.jpeg","license":2,"date_captured":"2021-10-20T01:53:05.413711Z"},{"id":68,"width":770,"height":400,"file_name":"img/01FJDPH7PDXX3FP66QW6PG8BYR.jpeg","license":2,"date_captured":"2021-10-20T01:53:05.413711Z"},{"id":69,"width":360,"height":270,"file_name":"img/01FJDPH8PD2RB2WBFYGG62Z3YC.jpeg","license":2,"date_captured":"2021-10-20T01:53:05.413711Z"},{"id":70,"width":1388,"height":675,"file_name":"img/01FJDPHC64W2G3R6G3YMX2JK8E.jpeg","license":2,"date_captured":"2021-10-20T01:53:05.413711Z"},{"id":71,"width":960,"height":540,"file_name":"img/01FJDPHFZJC808679P5D6NX6YA.jpeg","license":2,"date_captured":"2021-10-20T01:53:05.413711Z"},{"id":72,"width":259,"height":194,"file_name":"img/01FJDPJNB9PW8J2MBV10JFFHXZ.jpeg","license":2,"date_captured":"2021-10-20T01:53:05.413711Z"},{"id":73,"width":280,"height":180,"file_name":"img/01FJDPJX248VWMH3HFRG9C78JZ.jpeg","license":2,"date_captured":"2021-10-20T01:53:05.413711Z"},{"id":74,"width":360,"height":270,"file_name":"img/01FJDPHET3A8MGD83G12CRHC1W.jpeg","license":2,"date_captured":"2021-10-20T01:53:05.413711Z"},{"id":75,"width":720,"height":540,"file_name":"img/01FJDPHGWBADWYDC9RG1Y3TA3A.jpeg","license":2,"date_captured":"2021-10-20T01:53:05.413711Z"},{"id":76,"width":356,"height":237,"file_name":"img/01FJDPHMPS4JQNC7SVY2D61VFK.jpeg","license":2,"date_captured":"2021-10-20T01:53:05.413711Z"},{"id":77,"width":240,"height":160,"file_name":"img/01FJDPHNQ5CZM9009NPPD0J73W.jpeg","license":2,"date_captured":"2021-10-20T01:53:05.413711Z"},{"id":78,"width":612,"height":363,"file_name":"img/01FJDPHQ1244THXA5YFSKAKP5V.jpeg","license":2,"date_captured":"2021-10-20T01:53:05.413711Z"},{"id":79,"width":480,"height":854,"file_name":"img/01FJDPHRBG7XHW6ESVBBV54E1B.jpeg","license":2,"date_captured":"2021-10-20T01:53:05.413711Z"}],"annotations":[{"id":1,"image_id":1,"category_id":1,"iscrowd":0,"area":0,"bbox":[1008.1192156115521,357.6779485077783,1181.401526166865,789.8990293379765]},{"id":2,"image_id":2,"category_id":1,"iscrowd":0,"area":0,"bbox":[1309.0421592253815,964.008678375323,501.53823935638223,344.8855024421613]},{"id":3,"image_id":3,"category_id":1,"iscrowd":0,"area":0,"bbox":[501.00866927859676,624.6860137175205,1526.9049663576002,995.7174067521735]},{"id":4,"image_id":4,"category_id":1,"iscrowd":0,"area":0,"bbox":[104.64495425645745,84.77482400116936,156.03411891087444,117.92856213430277]},{"id":5,"image_id":5,"category_id":1,"iscrowd":0,"area":0,"bbox":[9.849547840147409,182.7889332296992,239.6238934957489,146.85448679310502]},{"id":6,"image_id":6,"category_id":1,"iscrowd":0,"area":0,"bbox":[1286.751910936929,685.875192235597,919.4867721533678,584.0801426463111]},{"id":7,"image_id":7,"category_id":1,"iscrowd":0,"area":0,"bbox":[1297.897035081155,513.4325683338832,1209.264591622971,1012.4056654665169]},{"id":8,"image_id":8,"category_id":1,"iscrowd":0,"area":0,"bbox":[1.5359324400607761,99.54369075215448,254.94857949660718,151.86084981997752]},{"id":9,"image_id":9,"category_id":1,"iscrowd":0,"area":0,"bbox":[696.0511478534963,607.9980096419116,1069.9482439602823,928.9653904497383]},{"id":10,"image_id":10,"category_id":1,"iscrowd":0,"area":0,"bbox":[106.14015390802547,278.8002452662323,757.8800741640106,427.213006191081]},{"id":11,"image_id":11,"category_id":1,"iscrowd":0,"area":0,"bbox":[4.584173965710136,72.487459686152,146.6225673688435,109.76998236400507]},{"id":12,"image_id":12,"category_id":1,"iscrowd":0,"area":0,"bbox":[47.59389695007866,55.20822855854387,339.17916598251355,261.30021179806147]},{"id":13,"image_id":13,"category_id":1,"iscrowd":0,"area":0,"bbox":[146.21356546617938,139.07373436517491,390.30820316134464,219.39168463211777]},{"id":14,"image_id":14,"category_id":1,"iscrowd":0,"area":0,"bbox":[70.03413656291337,154.97561007960002,254.1127079405669,160.20483912584527]},{"id":15,"image_id":15,"category_id":1,"iscrowd":0,"area":0,"bbox":[202.66320566263397,111.58679948301693,147.11788354453896,141.2918017919864]},{"id":16,"image_id":16,"category_id":1,"iscrowd":0,"area":0,"bbox":[93.25390810376183,26.58653808232036,231.12553863673287,199.2177289125131]},{"id":17,"image_id":17,"category_id":1,"iscrowd":0,"area":0,"bbox":[213.47225968027777,10.88583627789549,365.28711460087044,321.2997373899627]},{"id":18,"image_id":18,"category_id":1,"iscrowd":0,"area":0,"bbox":[69.88667295134545,14.328936913544936,162.03088757626074,155.59090565214308]},{"id":19,"image_id":19,"category_id":1,"iscrowd":0,"area":0,"bbox":[54.063273827342414,100.91243403745243,650.0182707280322,419.4252511505621]},{"id":20,"image_id":20,"category_id":1,"iscrowd":0,"area":0,"bbox":[11.170911948700137,39.13410829256354,188.03968877795023,123.95478582827266]},{"id":21,"image_id":21,"category_id":1,"iscrowd":0,"area":0,"bbox":[82.02890221140072,43.9547937910413,123.61366165748221,123.96097524710196]},{"id":22,"image_id":22,"category_id":1,"iscrowd":0,"area":0,"bbox":[96.78284266192037,61.52278725619033,367.7947088613471,252.5450943923832]},{"id":23,"image_id":23,"category_id":1,"iscrowd":0,"area":0,"bbox":[55.5993147739197,52.073839758741244,205.4449073600401,115.92616024125876]},{"id":24,"image_id":24,"category_id":1,"iscrowd":0,"area":0,"bbox":[75.462458965434,98.00754896815782,135.97258933661928,67.86457579574741]},{"id":25,"image_id":25,"category_id":1,"iscrowd":0,"area":0,"bbox":[41.17950600738226,56.429998354250884,218.57158418156865,142.1570528930584]},{"id":26,"image_id":26,"category_id":1,"iscrowd":0,"area":0,"bbox":[82.29402821710221,107.13663111102338,190.58453095542538,208.0438180944219]},{"id":27,"image_id":27,"category_id":1,"iscrowd":0,"area":0,"bbox":[2.531044192375134,78.44108682878769,163.46431504948754,190.36687427465907]},{"id":28,"image_id":28,"category_id":1,"iscrowd":0,"area":0,"bbox":[3.585294958637064,49.00962724909673,138.4184119286365,177.99610569311943]},{"id":29,"image_id":29,"category_id":1,"iscrowd":0,"area":0,"bbox":[81.12800081093533,58.98543277135906,147.8701909035734,114.23865038149434]},{"id":30,"image_id":30,"category_id":1,"iscrowd":0,"area":0,"bbox":[29.55069465967313,52.28512481293264,93.13745644464888,188.50025111764037]},{"id":31,"image_id":31,"category_id":1,"iscrowd":0,"area":0,"bbox":[740.6321546214817,635.8111800087703,1348.5809392856593,973.4670741696741]},{"id":32,"image_id":32,"category_id":1,"iscrowd":0,"area":0,"bbox":[195.97602913788222,110.47423192614517,199.5007323090223,160.2048391258452]},{"id":33,"image_id":33,"category_id":1,"iscrowd":0,"area":0,"bbox":[76.0290287108121,7.5214910542801015,136.5391072125708,89.92052862740586]},{"id":34,"image_id":33,"category_id":1,"iscrowd":0,"area":0,"bbox":[121.35320786654307,16.570089079186488,145.0374459155359,130.63928446016283]},{"id":35,"image_id":34,"category_id":1,"iscrowd":0,"area":0,"bbox":[82.19451868688691,9.218104801967005,169.96573667077396,140.8189410580129]},{"id":36,"image_id":35,"category_id":1,"iscrowd":0,"area":0,"bbox":[77.40092014022576,245.92165344202823,333.3246898927993,232.25073656695744]},{"id":37,"image_id":36,"category_id":1,"iscrowd":0,"area":0,"bbox":[14.483591376370043,21.762820202405678,200.60293041140886,138.49189160080306]},{"id":38,"image_id":37,"category_id":1,"iscrowd":0,"area":0,"bbox":[95.29177762054883,39.75715226033126,111.61086832675933,134.59804124200852]},{"id":39,"image_id":38,"category_id":1,"iscrowd":0,"area":0,"bbox":[84.72566776467158,42.209359283193436,102.98251848117715,84.10754054106874]},{"id":40,"image_id":39,"category_id":1,"iscrowd":0,"area":0,"bbox":[31.477875964341703,10.452909108593763,126.85509350957632,244.75739310893022]},{"id":41,"image_id":40,"category_id":1,"iscrowd":0,"area":0,"bbox":[26.601258600032768,28.76934218475056,203.89698252118347,112.21755629509441]},{"id":42,"image_id":41,"category_id":1,"iscrowd":0,"area":0,"bbox":[18.807196118700517,35.798369590214286,185.82922271652174,124.98391393063025]},{"id":43,"image_id":42,"category_id":1,"iscrowd":0,"area":0,"bbox":[105.77597125763651,24.760489341897348,153.22402874236352,151.0820910089093]},{"id":44,"image_id":43,"category_id":1,"iscrowd":0,"area":0,"bbox":[302.2973999928879,278.8002452662323,508.22541588113415,335.9851147704276]},{"id":45,"image_id":44,"category_id":1,"iscrowd":0,"area":0,"bbox":[469.47681311168196,334.4268915664307,568.4100046038999,356.0108215166519]},{"id":46,"image_id":44,"category_id":1,"iscrowd":0,"area":0,"bbox":[451.644410404488,187.57245570107256,666.4887296845473,453.9137108565616]},{"id":47,"image_id":45,"category_id":1,"iscrowd":0,"area":0,"bbox":[81.91949882007259,211.3475469799407,859.1101591290809,507.4389774580331]},{"id":48,"image_id":46,"category_id":1,"iscrowd":0,"area":0,"bbox":[114.55457839971206,53.33006224182646,124.64155751504313,111.97650734733558]},{"id":49,"image_id":47,"category_id":1,"iscrowd":0,"area":0,"bbox":[113.9389660376155,204.31029300355766,821.0737341636802,595.5393287505817]},{"id":50,"image_id":48,"category_id":1,"iscrowd":0,"area":0,"bbox":[168.27908830170904,231.29467132478226,1212.6627458417431,674.1954665100925]},{"id":51,"image_id":49,"category_id":1,"iscrowd":0,"area":0,"bbox":[25.683747758092522,259.49757573975404,420.7346862852719,586.8615615384904]},{"id":52,"image_id":50,"category_id":1,"iscrowd":0,"area":0,"bbox":[233.52160828852652,691.4380300199558,1538.050600692906,1073.5950986233277]},{"id":53,"image_id":51,"category_id":1,"iscrowd":0,"area":0,"bbox":[1281.1790937692763,724.8140381711736,897.1960136738344,517.3281263438754]},{"id":54,"image_id":52,"category_id":1,"iscrowd":0,"area":0,"bbox":[1175.298628730346,391.05395665899607,1142.3928263754535,806.5870334135852]},{"id":55,"image_id":53,"category_id":1,"iscrowd":0,"area":0,"bbox":[149.4987969019196,20.9810907764584,308.96919179691895,247.64998048203574]},{"id":56,"image_id":54,"category_id":1,"iscrowd":0,"area":0,"bbox":[417.4189627191997,569.0591637063349,1426.597318486323,884.4642160072706]},{"id":57,"image_id":55,"category_id":1,"iscrowd":0,"area":0,"bbox":[245.11147636790838,546.0438529581355,197.66772233156237,368.8912895592881]},{"id":58,"image_id":56,"category_id":1,"iscrowd":0,"area":0,"bbox":[44.3999938974369,171.6636141552089,293.121203655547,143.51683505023638]},{"id":59,"image_id":57,"category_id":1,"iscrowd":0,"area":0,"bbox":[101.24099435782693,140.51263926224115,218.44780048796284,147.96700342222996]},{"id":60,"image_id":58,"category_id":1,"iscrowd":0,"area":0,"bbox":[34.36922911030928,113.81183274126691,370.0237336901922,206.93125053755017]},{"id":61,"image_id":59,"category_id":1,"iscrowd":0,"area":0,"bbox":[417.4189627191997,569.0591637063349,1426.597318486323,884.4642160072706]},{"id":62,"image_id":60,"category_id":1,"iscrowd":0,"area":0,"bbox":[1197.589387209879,457.8059729614316,1064.375426792629,695.3333333912142]},{"id":63,"image_id":61,"category_id":1,"iscrowd":0,"area":0,"bbox":[662.6152652297374,591.3100055663026,1131.2471920401476,1012.4054108277828]},{"id":64,"image_id":62,"category_id":1,"iscrowd":0,"area":0,"bbox":[21.34479066181916,141.72345801033478,387.52187960936476,218.29761827686727]},{"id":65,"image_id":63,"category_id":1,"iscrowd":0,"area":0,"bbox":[216.64866852953486,19.34105942196435,363.16944407716215,307.5599151134717]},{"id":66,"image_id":64,"category_id":1,"iscrowd":0,"area":0,"bbox":[208.17827724361769,17.227277826626864,368.46342651382224,309.67369670880913]},{"id":67,"image_id":65,"category_id":1,"iscrowd":0,"area":0,"bbox":[141.36405350633748,141.62520681911292,304.26653187620525,173.5552423863324]},{"id":68,"image_id":66,"category_id":1,"iscrowd":0,"area":0,"bbox":[63.79272733961963,75.06648607978208,209.05164679616803,103.4810684006662]},{"id":69,"image_id":67,"category_id":1,"iscrowd":0,"area":0,"bbox":[134.84462762676105,36.53054098132043,557.6609466136069,388.05798385342496]},{"id":70,"image_id":68,"category_id":1,"iscrowd":0,"area":0,"bbox":[73.55080433834354,53.52487110633689,495.3464470328034,332.5238953378757]},{"id":71,"image_id":69,"category_id":1,"iscrowd":0,"area":0,"bbox":[55.03329361896692,68.67089594421473,192.25637610572124,141.0136599027685]},{"id":72,"image_id":70,"category_id":1,"iscrowd":0,"area":0,"bbox":[511.14740676225273,56.947148181042216,309.28178672199925,517.3282536632424]},{"id":73,"image_id":71,"category_id":1,"iscrowd":0,"area":0,"bbox":[367.15375701445305,17.188162544045547,481.476862839451,468.9328635968627]},{"id":74,"image_id":72,"category_id":1,"iscrowd":0,"area":0,"bbox":[69.13889413507161,43.94552243472964,173.5755919572038,137.2928459005239]},{"id":75,"image_id":73,"category_id":1,"iscrowd":0,"area":0,"bbox":[21.023954960040527,45.78059729614314,201.17252644021025,120.15362934438396]},{"id":76,"image_id":74,"category_id":1,"iscrowd":0,"area":0,"bbox":[161.19224645895514,9.428468743866512,198.80775354104486,238.63844554927024]},{"id":77,"image_id":75,"category_id":1,"iscrowd":0,"area":0,"bbox":[156.8768739303042,115.64733566239113,354.4203047927356,328.7537821449886]},{"id":78,"image_id":76,"category_id":1,"iscrowd":0,"area":0,"bbox":[143.1476527828289,50.0239238709866,156.2848880305528,175.78034312384688]},{"id":79,"image_id":77,"category_id":1,"iscrowd":0,"area":0,"bbox":[76.65716308438581,39.21048612318423,91.14370906677485,99.88080985334702]},{"id":80,"image_id":78,"category_id":1,"iscrowd":0,"area":0,"bbox":[166.08466931080886,38.47757806325736,332.649846829529,306.25268812754905]},{"id":81,"image_id":79,"category_id":1,"iscrowd":0,"area":0,"bbox":[45.67228770765905,259.4302912879312,407.1624454215398,393.237404456742]}],"categories":[{"supercategory":"N/A","id":1,"name":"estrus"}]}
